{
	"class_name" : "PinholeCameraParameters",
	"extrinsic" : 
	[
		1.0,
		-0.0,
		-0.0,
		0.0,
		0.0,
		-1.0,
		-0.0,
		0.0,
		0.0,
		-0.0,
		-1.0,
		0.0,
		-0.26295310258865356,
		-0.32226562500000033,
		2.613279972806998,
		1.0
	],
	"intrinsic" : 
	{
		"height" : 960,
		"intrinsic_matrix" : 
		[
			831.38438763306112,
			0.0,
			0.0,
			0.0,
			831.38438763306112,
			0.0,
			639.5,
			479.5,
			1.0
		],
		"width" : 1280
	},
	"version_major" : 1,
	"version_minor" : 0
}